"","num_hecho","dia_ocu","mes_ocu","dia_sem_ocu","hora_ocu","depto_ocu","areag_ocu","sexo_pil","edad_fall","g_edad","edad_m1","tipo_vehi","color_vehi","modelo_vehi","causa_acc"
"1",864,25,12,5,999,1,1,1,22,5,1,4,1,9999,1
"2",656,25,8,2,0,16,2,1,43,7,1,3,1,1986,4
"3",116,19,2,4,0,14,2,2,1,1,2,3,5,1987,3
"4",170,7,3,6,0,5,2,1,28,6,1,4,1,1988,2
"5",291,19,4,7,0,19,1,1,17,4,2,4,5,1991,1
"6",392,4,6,4,0,17,1,2,34,6,1,3,3,1994,1
"7",217,23,3,1,0,22,2,1,20,5,1,1,6,1998,2
"8",458,30,6,2,0,14,2,1,24,5,1,9,14,2004,3
"9",829,9,12,3,0,19,2,1,19,4,1,4,4,2005,4
"10",692,16,9,3,0,5,2,1,43,7,1,4,1,2006,2
"11",772,3,11,2,0,22,2,1,21,5,1,1,5,2006,2
"12",169,7,3,6,0,9,1,1,19,4,1,4,1,2008,1
"13",56,26,1,1,0,21,2,1,28,6,1,3,1,9999,4
"14",104,15,2,7,0,11,2,1,30,6,1,4,1,9999,4
"15",187,10,3,2,0,14,2,1,30,6,1,4,1,9999,1
"16",456,30,6,2,0,1,1,1,21,5,1,4,1,9999,2
"17",469,5,7,7,0,18,2,2,32,6,1,4,1,9999,1
"18",781,8,11,7,0,21,2,1,46,8,1,3,1,9999,2
"19",246,6,4,1,0,20,2,1,13,3,2,3,2,9999,4
"20",809,4,12,5,0,5,2,1,40,7,1,4,3,9999,4
"21",84,7,2,6,0,7,2,1,35,7,1,9,4,9999,2
"22",431,20,6,6,0,5,2,1,38,7,1,1,4,9999,1
"23",847,20,12,7,0,13,2,1,73,10,1,2,4,9999,3
"24",207,19,3,4,0,5,2,1,33,6,1,1,6,9999,2
"25",320,28,4,2,0,3,1,1,38,7,1,1,6,9999,2
"26",711,26,9,6,0,20,2,2,21,5,1,1,6,9999,3
"27",50,25,1,7,0,1,2,1,18,4,1,1,11,9999,2
"28",399,6,6,6,0,3,2,1,20,5,1,4,99,9999,1
"29",446,25,6,5,0,1,1,1,32,6,1,4,99,9999,1
"30",660,27,8,4,0,1,1,1,19,4,1,3,99,9999,1
"31",710,26,9,6,0,1,1,1,25,6,1,1,99,9999,2
"32",88,8,2,7,1,2,2,1,22,5,1,1,4,1997,1
"33",13,3,1,6,1,1,1,1,28,6,1,1,14,2002,2
"34",683,8,9,2,1,13,2,1,35,7,1,3,5,2005,4
"35",239,2,4,4,1,9,2,1,23,5,1,4,3,2007,2
"36",361,19,5,2,1,19,2,1,31,6,1,4,1,2008,2
"37",433,20,6,6,1,18,2,1,36,7,1,4,1,2009,4
"38",241,4,4,6,1,1,2,1,35,7,1,3,1,9999,1
"39",323,1,5,5,1,5,2,1,24,5,1,4,1,9999,1
"40",324,1,5,5,1,5,2,2,999,11,1,4,1,9999,1
"41",352,16,5,6,1,1,1,1,32,6,1,1,1,9999,2
"42",734,10,10,6,1,1,1,1,26,6,1,3,1,9999,1
"43",735,10,10,6,1,1,1,1,22,5,1,3,1,9999,1
"44",880,29,12,2,1,5,2,1,48,8,1,3,1,9999,3
"45",100,14,2,6,1,1,2,1,22,5,1,1,2,9999,1
"46",101,14,2,6,1,1,2,1,22,5,1,1,2,9999,1
"47",190,13,3,5,1,1,1,1,27,6,1,1,3,9999,3
"48",803,30,11,1,1,1,2,1,24,5,1,8,3,9999,4
"49",453,28,6,7,1,1,1,1,30,6,1,4,5,9999,2
"50",454,28,6,7,1,1,1,1,19,4,1,4,5,9999,2
"51",527,2,8,7,1,17,2,1,23,5,1,4,5,9999,2
"52",580,2,8,7,1,17,2,1,23,5,1,4,5,9999,2
"53",604,2,8,7,1,17,2,1,23,5,1,4,5,9999,2
"54",780,8,11,7,1,1,1,1,41,7,1,4,5,9999,1
"55",449,27,6,6,1,1,2,1,32,6,1,8,6,9999,3
"56",790,20,11,5,1,18,2,1,34,6,1,4,7,9999,2
"57",468,5,7,7,1,1,2,1,22,5,1,4,9,9999,1
"58",121,21,2,6,1,1,1,1,24,5,1,4,99,9999,2
"59",182,8,3,7,1,2,2,1,31,6,1,4,99,9999,2
"60",189,12,3,4,1,2,2,1,58,9,1,1,99,9999,3
"61",488,17,7,5,2,1,1,1,30,6,1,1,11,1990,3
"62",164,4,3,3,2,22,2,1,22,5,1,3,5,1993,1
"63",31,14,1,3,2,10,2,1,54,8,1,2,6,2000,3
"64",848,20,12,7,2,18,2,1,36,7,1,1,99,2004,2
"65",697,19,9,6,2,4,2,1,30,6,1,4,99,2007,1
"66",83,7,2,6,2,10,2,2,19,4,1,1,4,2009,2
"67",24,13,1,2,2,8,2,2,13,3,2,5,2,9999,3
"68",25,13,1,2,2,8,2,2,18,4,1,5,2,9999,3
"69",26,13,1,2,2,8,2,2,40,7,1,5,2,9999,3
"70",223,26,3,4,2,1,2,1,999,11,1,5,2,9999,1
"71",269,12,4,7,2,5,2,1,43,7,1,3,2,9999,1
"72",422,16,6,2,2,1,1,1,28,6,1,1,2,9999,1
"73",724,3,10,6,2,15,2,1,40,7,1,5,2,9999,3
"74",741,15,10,4,2,14,2,1,20,5,1,5,2,9999,4
"75",148,1,3,7,2,1,1,1,26,6,1,1,4,9999,2
"76",237,31,3,2,2,13,2,1,40,7,1,3,4,9999,2
"77",197,14,3,6,2,1,2,1,20,5,1,4,5,9999,1
"78",308,25,4,6,2,1,1,1,24,5,1,4,5,9999,1
"79",69,1,2,7,2,5,2,1,39,7,1,4,99,9999,4
"80",243,5,4,7,2,9,2,1,22,5,1,6,99,9999,2
"81",285,18,4,6,2,5,2,1,44,7,1,4,99,9999,2
"82",679,6,9,7,2,18,2,1,20,5,1,4,99,9999,2
"83",769,31,10,6,3,2,2,1,32,6,1,1,1,1985,1
"84",242,4,4,6,3,17,2,1,32,6,1,1,11,1985,1
"85",512,29,7,3,3,1,1,1,19,4,1,1,3,1988,3
"86",438,21,6,7,3,10,2,1,25,6,1,1,9,1995,3
"87",277,14,4,2,3,2,2,1,30,6,1,1,6,1999,1
"88",752,21,10,3,3,1,1,1,26,6,1,1,99,2005,2
"89",299,21,4,2,3,5,2,1,22,5,1,4,1,9999,4
"90",475,11,7,6,3,1,1,1,26,6,1,4,1,9999,2
"91",240,3,4,5,3,1,1,1,30,6,1,3,2,9999,1
"92",844,20,12,7,3,1,2,1,26,6,1,3,2,9999,1
"93",490,18,7,6,3,1,1,1,30,6,1,4,3,9999,1
"94",258,10,4,5,3,6,2,1,19,4,1,1,5,9999,2
"95",540,4,8,2,3,12,2,1,26,6,1,4,5,9999,2
"96",593,4,8,2,3,12,2,1,26,6,1,4,5,9999,2
"97",617,4,8,2,3,12,2,1,26,6,1,4,5,9999,2
"98",23,13,1,3,3,1,2,1,50,8,1,1,6,9999,1
"99",863,24,12,4,3,21,1,1,23,5,1,4,7,9999,2
"100",351,16,5,6,3,1,1,1,27,6,1,1,11,9999,1
"101",410,11,6,4,3,13,2,2,19,4,1,7,99,9999,2
"102",411,11,6,4,3,13,2,1,42,7,1,7,99,9999,2
"103",412,11,6,4,3,13,2,1,8,2,2,7,99,9999,2
"104",413,11,6,4,3,13,2,1,1,1,2,7,99,9999,2
"105",384,31,5,7,4,11,2,1,50,8,1,3,9,1986,1
"106",385,31,5,7,4,11,2,2,49,8,1,3,9,1986,1
"107",230,30,3,1,4,10,2,1,29,6,1,7,1,1992,1
"108",231,30,3,1,4,10,2,1,29,6,1,7,1,1992,1
"109",232,30,3,1,4,10,2,1,29,6,1,7,1,1992,1
"110",801,28,11,6,4,2,2,1,40,7,1,1,6,1994,2
"111",381,30,5,6,4,1,1,1,25,6,1,1,5,2004,1
"112",820,7,12,1,4,18,2,1,45,8,1,2,4,2006,2
"113",821,7,12,1,4,18,2,2,32,6,1,2,4,2006,2
"114",822,7,12,1,4,18,2,2,40,7,1,2,4,2006,2
"115",823,7,12,1,4,18,2,2,9,2,2,2,4,2006,2
"116",99,14,2,6,4,1,1,1,30,6,1,4,1,9999,2
"117",762,25,10,7,4,2,2,1,16,4,2,3,1,9999,2
"118",816,5,12,6,4,18,2,1,37,7,1,3,1,9999,1
"119",866,25,12,5,4,17,2,1,24,5,1,4,1,9999,1
"120",373,26,5,2,4,1,1,1,30,6,1,4,4,9999,2
"121",774,5,11,4,4,1,1,1,26,6,1,12,4,9999,1
"122",861,24,12,4,4,1,1,1,20,5,1,3,6,9999,2
"123",862,24,12,4,4,1,1,1,19,4,1,3,6,9999,2
"124",166,5,3,4,4,21,2,1,17,4,2,4,14,9999,4
"125",96,12,2,4,4,1,2,1,30,6,1,4,99,9999,2
"126",255,9,4,4,4,15,2,1,22,5,1,99,99,9999,4
"127",280,16,4,4,4,12,2,1,27,6,1,3,99,9999,4
"128",804,1,12,2,5,14,2,1,9,2,2,5,2,1994,3
"129",805,1,12,2,5,14,2,1,13,3,2,5,2,1994,3
"130",806,1,12,2,5,14,2,1,13,3,2,5,2,1994,3
"131",842,18,12,5,5,2,2,1,61,9,1,3,2,1999,2
"132",202,16,3,1,5,10,2,1,34,6,1,4,3,2005,1
"133",494,18,7,6,5,14,2,1,24,5,1,3,5,2006,4
"134",219,24,3,2,5,18,2,2,36,7,1,4,1,9999,1
"135",220,24,3,2,5,18,2,2,8,2,2,4,1,9999,1
"136",749,20,10,2,5,5,2,1,26,6,1,5,1,9999,3
"137",868,28,12,1,5,22,2,1,23,5,1,5,2,9999,1
"138",869,28,12,1,5,22,2,1,23,5,1,5,2,9999,1
"139",870,28,12,1,5,22,2,1,10,3,2,5,2,9999,1
"140",871,28,12,1,5,22,2,1,19,4,1,5,2,9999,1
"141",872,28,12,1,5,22,2,2,17,4,2,5,2,9999,1
"142",873,28,12,1,5,22,2,1,38,7,1,5,2,9999,1
"143",48,23,1,5,5,17,2,1,37,7,1,3,3,9999,2
"144",172,8,3,7,5,3,2,1,39,7,1,2,3,9999,2
"145",563,16,8,7,5,18,2,1,20,5,1,4,5,9999,4
"146",640,16,8,7,5,18,2,1,20,5,1,4,5,9999,4
"147",406,11,6,4,5,5,2,1,39,7,1,1,6,9999,3
"148",407,11,6,4,5,5,2,1,39,7,1,1,6,9999,3
"149",814,5,12,6,5,9,2,2,80,10,1,3,9,9999,4
"150",815,5,12,6,5,9,2,1,60,9,1,3,9,9999,4
"151",30,14,1,3,5,1,1,1,30,6,1,4,99,9999,2
"152",103,15,2,7,5,1,1,1,32,6,1,1,99,9999,1
"153",301,21,4,2,5,2,2,1,34,6,1,7,99,9999,3
"154",132,22,2,7,6,10,1,1,35,7,1,3,11,1987,1
"155",834,13,12,7,6,10,2,1,1,1,2,3,4,1989,2
"156",717,28,9,1,6,22,2,1,29,6,1,3,5,1991,3
"157",543,6,8,4,6,4,2,1,1,1,2,3,2,1994,2
"158",596,6,8,4,6,4,2,1,1,1,2,3,2,1994,2
"159",620,6,8,4,6,4,2,1,1,1,2,3,2,1994,2
"160",550,10,8,1,6,5,2,1,60,9,1,1,9,1997,1
"161",551,10,8,1,6,5,2,1,19,4,1,1,9,1997,1
"162",627,10,8,1,6,5,2,1,60,9,1,1,9,1997,1
"163",628,10,8,1,6,5,2,1,19,4,1,1,9,1997,1
"164",824,8,12,2,6,15,2,1,34,6,1,4,2,2004,1
"165",46,21,1,3,6,4,2,1,40,7,1,9,1,2006,1
"166",47,21,1,3,6,4,2,1,30,6,1,9,1,2006,1
"167",261,11,4,6,6,22,2,1,7,2,2,7,1,9999,3
"168",262,11,4,6,6,22,2,1,14,3,2,7,1,9999,3
"169",461,2,7,4,6,1,1,1,23,5,1,1,1,9999,1
"170",568,19,8,3,6,2,2,1,37,7,1,9,1,9999,1
"171",645,19,8,3,6,2,2,1,37,7,1,9,1,9999,1
"172",61,30,1,5,6,2,2,1,25,6,1,5,2,9999,1
"173",62,30,1,5,6,2,2,2,30,6,1,5,2,9999,1
"174",63,30,1,5,6,2,2,1,19,4,1,5,2,9999,1
"175",210,21,3,6,6,10,2,1,35,7,1,5,2,9999,1
"176",682,7,9,2,6,1,1,1,36,7,1,1,2,9999,2
"177",686,12,9,6,6,19,2,1,39,7,1,5,2,9999,1
"178",698,19,9,6,6,6,2,1,71,10,1,11,2,9999,4
"179",830,11,12,5,6,10,2,1,40,7,1,6,3,9999,3
"180",312,26,4,7,6,1,2,1,28,6,1,2,5,9999,3
"181",313,26,4,7,6,1,2,1,65,10,1,2,5,9999,3
"182",493,18,7,6,6,12,2,1,23,5,1,4,5,9999,4
"183",713,27,9,7,6,1,1,1,26,6,1,1,5,9999,2
"184",145,28,2,6,6,12,2,1,34,6,1,3,9,9999,3
"185",146,28,2,6,6,12,2,1,28,6,1,3,9,9999,3
"186",147,28,2,6,6,12,2,1,12,3,2,3,9,9999,3
"187",288,19,4,7,6,1,1,1,35,7,1,1,9,9999,1
"188",19,10,1,6,6,5,2,1,34,6,1,4,99,9999,1
"189",364,19,5,2,6,12,2,1,36,7,1,3,99,9999,2
"190",43,18,1,7,7,6,2,2,18,4,1,3,3,1966,1
"191",382,30,5,6,7,16,2,2,30,6,1,3,2,1982,2
"192",839,16,12,3,7,10,2,1,34,6,1,3,99,1984,1
"193",457,30,6,2,7,1,1,2,56,9,1,1,2,1992,1
"194",113,18,2,3,7,9,2,2,19,4,1,3,6,1992,3
"195",114,18,2,3,7,9,2,1,9,2,2,3,6,1992,3
"196",476,11,7,6,7,22,2,1,18,4,1,5,2,1999,1
"197",477,11,7,6,7,22,2,1,70,10,1,5,2,1999,1
"198",478,11,7,6,7,22,2,1,25,6,1,5,2,1999,1
"199",479,11,7,6,7,22,2,1,38,7,1,5,2,1999,1
"200",480,11,7,6,7,22,2,1,22,5,1,5,2,1999,1
"201",481,11,7,6,7,22,2,1,50,8,1,5,2,1999,1
"202",737,10,10,6,7,2,2,1,43,7,1,5,2,2002,1
"203",195,14,3,6,7,18,2,1,34,6,1,3,2,9999,1
"204",196,14,3,6,7,18,2,1,22,5,1,3,2,9999,1
"205",663,28,8,5,7,6,2,1,65,10,1,4,3,9999,1
"206",350,15,5,5,7,9,2,9,999,11,99,3,4,9999,1
"207",764,28,10,3,7,1,1,2,23,5,1,1,5,9999,2
"208",57,26,1,1,7,8,2,1,20,5,1,3,6,9999,1
"209",249,7,4,2,7,18,2,2,71,10,1,1,6,9999,1
"210",253,9,4,4,7,12,2,1,38,7,1,2,6,9999,4
"211",254,9,4,4,7,12,2,1,56,9,1,2,6,9999,4
"212",38,17,1,6,7,1,1,1,25,6,1,4,7,9999,1
"213",28,13,1,2,7,17,2,1,61,9,1,4,99,9999,1
"214",526,2,8,7,7,19,2,1,30,6,1,4,99,9999,2
"215",579,2,8,7,7,19,2,1,30,6,1,4,99,9999,2
"216",603,2,8,7,7,19,2,1,30,6,1,4,99,9999,2
"217",840,16,12,3,7,15,2,1,21,5,1,3,99,9999,4
"218",567,18,8,2,8,7,2,1,55,9,1,3,7,1982,1
"219",644,18,8,2,8,7,2,1,55,9,1,3,7,1982,1
"220",517,31,7,5,8,4,2,1,43,7,1,5,9,1983,4
"221",5,1,1,4,8,5,2,1,12,3,2,1,14,1983,3
"222",6,1,1,4,8,5,2,2,25,6,1,1,14,1983,3
"223",731,9,10,5,8,1,1,1,47,8,1,1,9,1990,1
"224",295,20,4,1,8,5,2,2,9,2,2,2,9,1994,3
"225",566,17,8,1,8,4,2,1,62,9,1,9,4,1997,1
"226",643,17,8,1,8,4,2,1,62,9,1,9,4,1997,1
"227",53,25,1,7,8,5,2,1,23,5,1,1,2,1999,3
"228",514,30,7,4,8,5,1,1,16,4,2,4,1,2001,1
"229",98,13,2,5,8,9,2,1,51,8,1,4,1,2008,2
"230",160,3,3,2,8,5,2,1,28,6,1,4,2,2008,1
"231",745,18,10,7,8,12,2,1,33,6,1,1,99,2008,2
"232",140,27,2,5,8,9,2,2,25,6,1,3,1,9999,3
"233",141,27,2,5,8,9,2,2,53,8,1,3,1,9999,3
"234",142,27,2,5,8,9,2,2,1,1,2,3,1,9999,3
"235",143,27,2,5,8,9,2,2,1,1,2,3,1,9999,3
"236",229,29,3,7,8,5,2,1,20,5,1,4,1,9999,1
"237",557,15,8,6,8,11,2,1,48,8,1,4,1,9999,1
"238",634,15,8,6,8,11,2,1,48,8,1,4,1,9999,1
"239",748,19,10,1,8,12,1,1,24,5,1,4,1,9999,1
"240",70,2,2,1,8,19,2,1,19,4,1,7,2,9999,1
"241",71,2,2,1,8,19,2,1,65,10,1,7,2,9999,1
"242",72,2,2,1,8,19,2,1,20,5,1,7,2,9999,1
"243",73,2,2,1,8,19,2,1,65,10,1,7,2,9999,1
"244",74,2,2,1,8,19,2,1,20,5,1,7,2,9999,1
"245",75,2,2,1,8,19,2,1,49,8,1,7,2,9999,1
"246",76,2,2,1,8,19,2,1,16,4,2,7,2,9999,1
"247",77,2,2,1,8,19,2,1,20,5,1,7,2,9999,1
"248",78,2,2,1,8,19,2,1,34,6,1,7,2,9999,1
"249",79,2,2,1,8,19,2,1,42,7,1,7,2,9999,1
"250",405,10,6,3,8,3,2,1,55,9,1,1,2,9999,1
"251",510,28,7,2,8,12,2,2,46,8,1,3,2,9999,1
"252",673,2,9,3,8,19,2,1,49,8,1,1,2,9999,1
"253",674,2,9,3,8,19,2,2,25,6,1,1,2,9999,1
"254",535,3,8,1,8,13,2,2,55,9,1,3,4,9999,1
"255",588,3,8,1,8,13,2,2,55,9,1,3,4,9999,1
"256",612,3,8,1,8,13,2,2,55,9,1,3,4,9999,1
"257",664,28,8,5,8,10,1,1,17,4,2,4,4,9999,4
"258",665,28,8,5,8,10,1,1,16,4,2,4,4,9999,4
"259",832,12,12,6,8,4,2,1,11,3,2,4,5,9999,1
"260",524,2,8,7,8,1,1,1,58,9,1,6,7,9999,2
"261",525,2,8,7,8,1,1,1,62,9,1,6,7,9999,2
"262",577,2,8,7,8,1,1,1,58,9,1,6,7,9999,2
"263",578,2,8,7,8,1,1,1,62,9,1,6,7,9999,2
"264",601,2,8,7,8,1,1,1,58,9,1,6,7,9999,2
"265",602,2,8,7,8,1,1,1,62,9,1,6,7,9999,2
"266",174,8,3,7,8,22,1,2,11,3,2,7,9,9999,4
"267",175,8,3,7,8,22,1,1,25,6,1,7,9,9999,4
"268",330,3,5,7,8,1,2,1,34,6,1,3,9,9999,3
"269",445,25,6,5,8,1,1,1,58,9,1,4,9,9999,1
"270",274,13,4,1,8,2,2,1,34,6,1,1,99,9999,4
"271",275,13,4,1,8,2,2,1,34,6,1,1,99,9999,4
"272",332,3,5,7,8,1,2,1,30,6,1,3,99,9999,2
"273",355,17,5,7,8,14,2,1,42,7,1,5,99,9999,2
"274",356,17,5,7,8,14,2,2,6,2,2,5,99,9999,2
"275",357,17,5,7,8,14,2,1,52,8,1,5,99,9999,2
"276",434,20,6,6,8,17,2,1,34,6,1,9,99,9999,1
"277",715,28,9,1,9,13,2,1,45,8,1,3,9,1984,4
"278",272,13,4,1,9,21,2,1,34,6,1,1,99,1989,4
"279",273,13,4,1,9,21,2,1,34,6,1,1,99,1989,4
"280",667,30,8,7,9,21,2,1,33,6,1,3,1,1995,4
"281",472,9,7,4,9,10,2,1,61,9,1,4,1,2007,1
"282",124,22,2,7,9,9,2,1,33,6,1,4,3,2007,4
"283",185,9,3,1,9,22,2,1,24,5,1,4,1,9999,4
"284",448,27,6,6,9,1,1,2,58,9,1,14,1,9999,4
"285",800,28,11,6,9,5,2,1,21,5,1,4,1,9999,1
"286",21,12,1,1,9,19,2,1,40,7,1,3,2,9999,1
"287",178,8,3,7,9,15,2,1,37,7,1,3,2,9999,2
"288",496,20,7,1,9,22,2,1,28,6,1,5,2,9999,1
"289",554,13,8,4,9,14,2,2,55,9,1,3,2,9999,1
"290",631,13,8,4,9,14,2,2,55,9,1,3,2,9999,1
"291",389,3,6,3,9,5,2,1,18,4,1,4,3,9999,1
"292",390,3,6,3,9,5,2,1,18,4,1,4,3,9999,1
"293",776,6,11,5,9,3,2,1,42,7,1,1,3,9999,3
"294",408,11,6,4,9,6,2,1,32,6,1,4,5,9999,4
"295",463,3,7,5,9,1,2,1,48,8,1,3,5,9999,4
"296",761,25,10,7,9,5,2,1,19,4,1,4,5,9999,4
"297",835,13,12,7,9,12,2,1,55,9,1,3,5,9999,1
"298",354,17,5,7,9,1,2,1,26,6,1,1,6,9999,1
"299",58,28,1,3,9,1,1,1,26,6,1,12,99,9999,3
"300",59,28,1,3,9,1,1,2,999,11,1,12,99,9999,3
"301",371,25,5,1,9,2,2,1,33,6,1,5,99,9999,1
"302",372,25,5,1,9,2,2,1,34,6,1,5,99,9999,1
"303",395,6,6,6,9,1,1,1,30,6,1,9,99,9999,2
"304",396,6,6,6,9,1,1,2,43,7,1,9,99,9999,2
"305",443,24,6,3,9,7,2,1,17,4,2,7,99,9999,1
"306",704,24,9,4,9,3,2,1,45,8,1,7,99,9999,1
"307",705,24,9,4,9,3,2,1,30,6,1,7,99,9999,1
"308",706,24,9,4,9,3,2,2,28,6,1,7,99,9999,1
"309",707,24,9,4,9,3,2,1,45,8,1,7,99,9999,1
"310",569,20,8,4,10,9,2,2,58,9,1,3,11,1986,1
"311",570,20,8,4,10,9,2,2,50,8,1,3,11,1986,1
"312",646,20,8,4,10,9,2,2,58,9,1,3,11,1986,1
"313",647,20,8,4,10,9,2,2,50,8,1,3,11,1986,1
"314",32,14,1,3,10,4,2,1,35,7,1,7,2,1989,1
"315",2,1,1,4,10,14,2,1,3,1,2,3,6,1993,2
"316",503,25,7,6,10,1,2,2,10,3,2,2,6,1994,1
"317",208,19,3,4,10,13,2,1,25,6,1,3,9,1994,1
"318",168,6,3,5,10,22,2,1,27,6,1,3,9,1999,1
"319",122,22,2,7,10,1,1,1,23,5,1,4,1,2006,1
"320",133,25,2,3,10,1,1,1,24,5,1,4,1,2006,1
"321",404,9,6,2,10,14,1,2,68,10,1,14,1,2006,1
"322",684,8,9,2,10,2,2,1,57,9,1,4,1,2006,1
"323",115,19,2,4,10,11,2,1,54,8,1,2,1,9999,3
"324",417,14,6,7,10,5,2,1,32,6,1,6,1,9999,1
"325",90,10,2,2,10,10,2,1,74,10,1,3,2,9999,1
"326",419,15,6,1,10,2,2,1,35,7,1,3,2,9999,1
"327",420,15,6,1,10,2,2,1,48,8,1,3,2,9999,1
"328",421,15,6,1,10,2,2,1,40,7,1,3,2,9999,1
"329",699,20,9,7,10,1,1,1,44,7,1,4,3,9999,2
"330",565,17,8,1,10,15,2,1,17,4,2,4,5,9999,2
"331",642,17,8,1,10,15,2,1,17,4,2,4,5,9999,2
"332",881,30,12,3,10,1,1,1,25,6,1,4,5,9999,1
"333",849,20,12,7,10,7,2,1,26,6,1,1,6,9999,1
"334",439,22,6,1,10,19,2,1,35,7,1,4,7,9999,3
"335",378,28,5,4,10,17,2,2,35,7,1,1,9,9999,1
"336",379,28,5,4,10,17,2,1,36,7,1,4,9,9999,1
"337",728,7,10,3,10,20,2,1,66,10,1,1,9,9999,1
"338",33,15,1,4,10,4,2,1,60,9,1,2,10,9999,2
"339",34,15,1,4,10,4,2,2,999,11,1,2,10,9999,2
"340",300,21,4,2,10,1,2,1,30,6,1,5,99,9999,1
"341",337,7,5,4,10,16,2,1,49,8,1,4,99,9999,2
"342",447,26,6,5,10,10,2,1,38,7,1,4,99,9999,2
"343",161,3,3,2,11,5,1,1,22,5,1,4,5,1995,1
"344",250,7,4,2,11,3,2,2,74,10,1,1,2,1999,2
"345",791,22,11,7,11,1,2,1,19,4,1,1,4,2003,4
"346",194,14,3,6,11,5,2,1,51,8,1,4,2,2006,1
"347",418,15,6,1,11,19,2,1,30,6,1,11,2,2006,1
"348",244,6,4,1,11,22,2,1,53,8,1,4,1,9999,1
"349",245,6,4,1,11,22,2,1,20,5,1,4,1,9999,1
"350",771,3,11,2,11,1,1,1,23,5,1,4,1,9999,1
"351",179,8,3,7,11,2,2,1,34,6,1,1,2,9999,4
"352",180,8,3,7,11,2,2,2,36,7,1,1,2,9999,4
"353",181,8,3,7,11,2,2,2,5,2,2,1,2,9999,4
"354",429,18,6,4,11,10,2,1,30,6,1,4,3,9999,1
"355",825,8,12,2,11,14,2,1,19,4,1,3,3,9999,3
"356",826,9,12,3,11,22,2,1,46,8,1,1,4,9999,1
"357",827,9,12,3,11,22,2,1,2,1,2,1,4,9999,1
"358",366,20,5,3,11,18,1,1,33,6,1,4,5,9999,1
"359",80,4,2,3,11,6,2,1,17,4,2,13,6,9999,3
"360",777,7,11,6,11,11,2,1,37,7,1,4,6,9999,1
"361",556,14,8,5,11,13,1,2,22,5,1,4,9,9999,1
"362",633,14,8,5,11,13,1,2,22,5,1,4,9,9999,1
"363",238,1,4,3,11,2,2,1,52,8,1,3,11,9999,1
"364",485,13,7,1,11,13,2,1,19,4,1,3,99,9999,4
"365",694,16,9,3,12,12,2,1,25,6,1,8,1,1986,4
"366",29,13,1,2,12,17,2,1,50,8,1,3,2,1992,3
"367",212,22,3,7,12,19,1,1,31,6,1,4,2,1998,1
"368",442,23,6,2,12,7,2,2,30,6,1,5,2,2002,1
"369",1,1,1,4,12,1,1,1,32,6,1,1,4,2003,1
"370",67,31,1,6,12,5,2,1,56,9,1,2,5,2004,1
"371",393,5,6,5,12,22,2,1,60,9,1,3,6,2004,1
"372",502,23,7,4,12,6,2,1,54,8,1,5,99,2005,2
"373",555,14,8,5,12,19,2,2,62,9,1,1,99,2005,1
"374",632,14,8,5,12,19,2,2,62,9,1,1,99,2005,1
"375",362,19,5,2,12,5,2,1,54,8,1,4,1,2007,1
"376",363,19,5,2,12,5,2,1,23,5,1,4,1,2007,1
"377",163,4,3,3,12,1,1,1,44,7,1,9,2,2008,1
"378",199,15,3,7,12,11,2,1,20,5,1,3,1,9999,3
"379",513,30,7,4,12,1,1,2,6,2,2,12,1,9999,2
"380",718,28,9,1,12,11,2,1,17,4,2,4,1,9999,1
"381",755,23,10,5,12,7,2,1,18,4,1,9,1,9999,1
"382",756,23,10,5,12,7,2,2,16,4,2,9,1,9999,1
"383",757,23,10,5,12,7,2,2,12,3,2,9,1,9999,1
"384",853,21,12,1,12,16,2,1,27,6,1,4,1,9999,1
"385",205,18,3,3,12,22,2,1,33,6,1,6,2,9999,1
"386",282,16,4,4,12,14,2,1,21,5,1,5,2,9999,3
"387",504,25,7,6,12,17,2,1,57,9,1,3,2,9999,3
"388",151,1,3,7,12,22,2,1,20,5,1,4,3,9999,1
"389",228,28,3,6,12,13,2,1,50,8,1,4,3,9999,4
"390",35,16,1,5,12,1,2,1,20,5,1,4,5,9999,1
"391",44,19,1,7,12,7,2,1,58,9,1,14,99,9999,3
"392",127,22,2,7,12,6,2,2,62,9,1,2,99,9999,1
"393",128,22,2,7,12,6,2,2,62,9,1,2,99,9999,1
"394",129,22,2,7,12,6,2,1,1,1,2,2,99,9999,1
"395",130,22,2,7,12,6,2,1,80,10,1,2,99,9999,1
"396",409,11,6,4,12,18,2,1,2,1,2,7,99,9999,4
"397",560,15,8,6,12,5,2,1,3,1,2,4,99,9999,1
"398",637,15,8,6,12,5,2,1,3,1,2,4,99,9999,1
"399",497,20,7,1,13,13,2,1,58,9,1,3,4,1985,3
"400",226,28,3,6,13,22,2,1,65,10,1,1,6,1987,1
"401",227,28,3,6,13,22,2,1,72,10,1,1,6,1987,1
"402",818,6,12,7,13,13,2,2,19,4,1,3,4,1992,3
"403",338,7,5,4,13,19,2,1,39,7,1,1,12,1992,1
"404",339,7,5,4,13,19,2,2,75,10,1,1,12,1992,1
"405",340,7,5,4,13,19,2,2,68,10,1,1,12,1992,1
"406",425,17,6,3,13,17,2,1,19,4,1,1,2,1995,1
"407",426,17,6,3,13,17,2,1,16,4,2,1,2,1995,1
"408",427,17,6,3,13,17,2,2,14,3,2,1,2,1995,1
"409",428,17,6,3,13,17,2,2,17,4,2,1,2,1995,1
"410",65,30,1,5,13,1,2,1,41,7,1,1,11,2001,1
"411",651,22,8,6,13,10,1,1,25,6,1,4,4,2006,1
"412",290,19,4,7,13,3,2,1,40,7,1,4,1,9999,2
"413",149,1,3,7,13,1,2,1,24,5,1,2,2,9999,1
"414",150,1,3,7,13,1,2,2,11,3,2,2,2,9999,1
"415",349,12,5,2,13,1,2,1,64,9,1,3,2,9999,1
"416",109,16,2,1,13,3,2,1,32,6,1,3,4,9999,1
"417",209,20,3,5,13,5,2,1,29,6,1,6,4,9999,3
"418",183,8,3,7,13,5,1,1,24,5,1,4,5,9999,1
"419",304,23,4,4,13,16,1,1,23,5,1,4,5,9999,1
"420",678,4,9,5,13,17,2,2,33,6,1,2,5,9999,2
"421",719,29,9,2,13,12,2,1,24,5,1,4,5,9999,2
"422",754,22,10,4,13,10,2,1,23,5,1,4,5,9999,1
"423",723,3,10,6,13,5,2,1,31,6,1,3,6,9999,3
"424",117,21,2,6,13,9,2,2,18,4,1,4,7,9999,1
"425",118,21,2,6,13,9,2,1,6,2,2,4,7,9999,1
"426",108,16,2,1,13,1,1,1,40,7,1,1,9,9999,4
"427",370,25,5,1,13,10,2,1,25,6,1,4,9,9999,1
"428",68,1,2,7,13,19,2,1,28,6,1,4,99,9999,1
"429",203,16,3,1,13,10,1,1,48,8,1,4,99,9999,2
"430",326,2,5,6,13,5,2,1,6,2,2,4,99,9999,1
"431",675,2,9,3,14,14,2,1,38,7,1,3,7,1982,3
"432",843,19,12,6,14,1,2,1,55,9,1,7,2,1983,4
"433",787,17,11,2,14,14,2,1,24,5,1,3,2,1985,4
"434",171,7,3,6,14,17,2,1,28,6,1,3,5,1988,2
"435",54,25,1,7,14,15,2,2,7,2,2,3,4,1991,2
"436",423,17,6,3,14,19,2,1,31,6,1,1,5,2000,2
"437",691,15,9,2,14,19,2,1,78,10,1,3,3,2008,3
"438",278,14,4,2,14,15,2,1,72,10,1,3,2,9999,3
"439",430,20,6,6,14,19,2,1,32,6,1,1,2,9999,3
"440",841,17,12,4,14,14,2,1,17,4,2,5,2,9999,3
"441",360,19,5,2,14,20,2,1,51,8,1,1,3,9999,1
"442",464,3,7,5,14,10,2,2,35,7,1,1,3,9999,2
"443",465,3,7,5,14,10,2,1,4,1,2,1,3,9999,2
"444",499,22,7,3,14,4,2,2,56,9,1,3,3,9999,3
"445",500,22,7,3,14,4,2,2,45,8,1,3,3,9999,3
"446",501,22,7,3,14,4,2,2,82,10,1,3,3,9999,3
"447",216,22,3,7,14,1,1,1,25,6,1,1,4,9999,2
"448",289,19,4,7,14,9,2,2,40,7,1,1,4,9999,1
"449",851,21,12,1,14,16,2,2,65,10,1,1,4,9999,1
"450",852,21,12,1,14,16,2,2,9,2,2,1,4,9999,1
"451",281,16,4,4,14,18,2,2,30,6,1,4,5,9999,1
"452",342,8,5,5,14,13,1,1,22,5,1,4,5,9999,2
"453",215,22,3,7,14,18,2,2,53,8,1,9,6,9999,1
"454",548,8,8,6,14,7,2,2,33,6,1,1,9,9999,4
"455",625,8,8,6,14,7,2,2,33,6,1,1,9,9999,4
"456",139,27,2,5,14,1,1,1,35,7,1,4,99,9999,1
"457",176,8,3,7,14,13,2,1,48,8,1,3,99,9999,3
"458",311,25,4,6,14,14,2,1,81,10,1,99,99,9999,3
"459",462,2,7,4,14,17,2,1,73,10,1,2,99,9999,3
"460",531,3,8,1,14,9,2,1,19,4,1,1,99,9999,1
"461",532,3,8,1,14,9,2,1,17,4,2,1,99,9999,1
"462",533,3,8,1,14,9,2,1,16,4,2,1,99,9999,1
"463",534,3,8,1,14,9,2,1,17,4,2,1,99,9999,1
"464",584,3,8,1,14,9,2,1,19,4,1,1,99,9999,1
"465",585,3,8,1,14,9,2,1,17,4,2,1,99,9999,1
"466",586,3,8,1,14,9,2,1,16,4,2,1,99,9999,1
"467",587,3,8,1,14,9,2,1,17,4,2,1,99,9999,1
"468",608,3,8,1,14,9,2,1,19,4,1,1,99,9999,1
"469",609,3,8,1,14,9,2,1,17,4,2,1,99,9999,1
"470",610,3,8,1,14,9,2,1,16,4,2,1,99,9999,1
"471",611,3,8,1,14,9,2,1,17,4,2,1,99,9999,1
"472",750,20,10,2,14,3,2,1,28,6,1,1,99,9999,1
"473",751,20,10,2,14,3,2,2,45,8,1,1,99,9999,1
"474",152,1,3,7,15,3,2,1,21,5,1,3,3,1983,1
"475",153,1,3,7,15,3,2,1,25,6,1,3,3,1983,1
"476",650,21,8,5,15,18,2,1,55,9,1,1,4,1985,1
"477",213,22,3,7,15,8,2,1,28,6,1,3,99,1987,3
"478",214,22,3,7,15,8,2,1,25,6,1,3,99,1987,3
"479",703,23,9,3,15,9,2,1,30,6,1,5,2,1990,2
"480",260,11,4,6,15,19,2,1,21,5,1,1,1,1992,1
"481",671,1,9,2,15,12,2,2,47,8,1,3,1,1993,2
"482",672,1,9,2,15,12,2,2,23,5,1,3,1,1993,2
"483",542,6,8,4,15,2,2,1,31,6,1,7,2,1993,1
"484",595,6,8,4,15,2,2,1,31,6,1,7,2,1993,1
"485",619,6,8,4,15,2,2,1,31,6,1,7,2,1993,1
"486",8,1,1,4,15,4,2,1,27,6,1,1,2,1995,1
"487",9,1,1,4,15,4,2,1,24,5,1,1,2,1995,1
"488",740,14,10,3,15,10,2,1,26,6,1,1,5,1995,1
"489",286,18,4,6,15,20,2,2,48,8,1,3,99,2000,3
"490",287,18,4,6,15,20,2,1,30,6,1,3,99,2000,3
"491",131,22,2,7,15,22,2,1,30,6,1,3,2,2003,1
"492",484,11,7,6,15,2,2,1,24,5,1,4,5,2006,1
"493",498,20,7,1,15,7,2,1,54,8,1,4,1,2007,1
"494",394,5,6,5,15,17,2,1,20,5,1,3,6,2007,3
"495",455,29,6,1,15,9,2,1,20,5,1,4,1,2008,1
"496",882,30,12,3,15,19,2,1,37,7,1,1,2,2008,1
"497",883,30,12,3,15,19,2,2,45,8,1,1,2,2008,1
"498",348,11,5,1,15,3,2,1,34,6,1,3,1,9999,1
"499",518,31,7,5,15,1,1,1,25,6,1,1,1,9999,1
"500",552,11,8,2,15,17,2,1,40,7,1,3,1,9999,3
"501",629,11,8,2,15,17,2,1,40,7,1,3,1,9999,3
"502",81,6,2,5,15,2,2,1,55,9,1,6,2,9999,4
"503",507,26,7,7,15,7,2,1,26,6,1,3,2,9999,1
"504",516,31,7,5,15,14,2,1,20,5,1,5,2,9999,2
"505",536,3,8,1,15,13,2,2,35,7,1,9,2,9999,1
"506",589,3,8,1,15,13,2,2,35,7,1,9,2,9999,1
"507",613,3,8,1,15,13,2,2,35,7,1,9,2,9999,1
"508",653,23,8,7,15,12,2,1,14,3,2,3,2,9999,3
"509",725,4,10,7,15,16,2,1,59,9,1,5,2,9999,4
"510",836,14,12,1,15,9,2,1,52,8,1,4,3,9999,1
"511",680,6,9,7,15,1,1,1,30,6,1,1,4,9999,2
"512",211,21,3,6,15,18,2,1,34,6,1,3,6,9999,3
"513",528,2,8,7,15,9,2,2,88,10,1,3,6,9999,2
"514",544,7,8,5,15,17,2,1,54,8,1,2,6,9999,1
"515",581,2,8,7,15,9,2,2,88,10,1,3,6,9999,2
"516",605,2,8,7,15,9,2,2,88,10,1,3,6,9999,2
"517",621,7,8,5,15,17,2,1,54,8,1,2,6,9999,1
"518",193,13,3,5,15,6,2,1,24,5,1,1,7,9999,1
"519",270,12,4,7,15,22,2,2,35,7,1,2,9,9999,1
"520",736,10,10,6,15,9,2,2,74,10,1,3,11,9999,1
"521",55,26,1,1,15,1,2,1,36,7,1,3,99,9999,1
"522",120,21,2,6,15,18,2,2,53,8,1,3,99,9999,1
"523",687,12,9,6,15,18,2,1,18,4,1,1,99,9999,1
"524",778,7,11,6,15,18,2,1,50,8,1,99,99,9999,3
"525",779,7,11,6,15,18,2,1,9,2,2,99,99,9999,3
"526",177,8,3,7,16,16,2,1,12,3,2,3,3,1971,3
"527",440,22,6,1,16,16,2,2,65,10,1,3,11,1984,3
"528",441,22,6,1,16,16,2,2,18,4,1,3,11,1984,3
"529",7,1,1,4,16,11,2,1,19,4,1,3,1,1986,3
"530",14,3,1,6,16,20,2,2,54,8,1,2,3,1989,3
"531",15,3,1,6,16,20,2,1,17,4,2,2,3,1989,3
"532",310,25,4,6,16,15,2,1,32,6,1,5,2,1992,1
"533",435,20,6,6,16,9,1,1,62,9,1,3,99,1994,1
"534",368,24,5,7,16,12,2,1,21,5,1,9,2,2000,1
"535",689,13,9,7,16,1,1,2,7,2,2,1,3,2000,3
"536",763,25,10,7,16,2,2,2,25,6,1,2,14,2004,1
"537",369,24,5,7,16,17,2,1,26,6,1,5,1,9999,3
"538",105,15,2,7,16,19,2,1,45,8,1,1,2,9999,2
"539",334,4,5,1,16,17,2,1,41,7,1,3,2,9999,3
"540",162,3,3,2,16,5,2,1,40,7,1,3,3,9999,3
"541",91,11,2,3,16,1,2,1,45,8,1,4,5,9999,2
"542",173,8,3,7,16,5,2,1,38,7,1,1,5,9999,4
"543",206,18,3,3,16,10,2,1,29,6,1,2,5,9999,1
"544",257,10,4,5,16,1,1,1,42,7,1,4,5,9999,1
"545",321,29,4,3,16,20,2,1,54,8,1,3,5,9999,2
"546",329,2,5,6,16,2,2,1,32,6,1,1,5,9999,1
"547",539,3,8,1,16,4,2,2,5,2,2,3,5,9999,1
"548",592,3,8,1,16,4,2,2,5,2,2,3,5,9999,1
"549",616,3,8,1,16,4,2,2,5,2,2,3,5,9999,1
"550",709,25,9,5,16,3,2,1,35,7,1,4,5,9999,1
"551",874,28,12,1,16,1,1,1,16,4,2,4,5,9999,1
"552",235,31,3,2,16,6,2,1,37,7,1,5,6,9999,4
"553",236,31,3,2,16,6,2,1,40,7,1,5,6,9999,4
"554",398,6,6,6,16,10,2,1,18,4,1,7,6,9999,3
"555",508,28,7,2,16,5,2,1,10,3,2,1,6,9999,1
"556",97,13,2,5,16,10,2,1,19,4,1,4,99,9999,1
"557",167,5,3,4,16,8,2,1,24,5,1,3,99,9999,2
"558",191,13,3,5,16,1,2,1,19,4,1,3,99,9999,3
"559",470,6,7,1,16,14,2,2,35,7,1,3,99,9999,1
"560",523,1,8,6,16,1,1,1,23,5,1,1,99,9999,1
"561",576,1,8,6,16,1,1,1,23,5,1,1,99,9999,1
"562",600,1,8,6,16,1,1,1,23,5,1,1,99,9999,1
"563",828,9,12,3,16,20,2,1,12,3,2,1,99,9999,1
"564",845,20,12,7,16,1,2,1,27,6,1,4,99,9999,4
"565",668,31,8,1,17,5,1,2,20,5,1,3,3,9999,1
"566",669,31,8,1,17,5,1,2,59,9,1,3,3,9999,1
"567",670,31,8,1,17,5,1,2,1,1,2,3,3,9999,1
"568",855,22,12,2,17,9,2,1,27,6,1,7,1,1984,2
"569",856,22,12,2,17,9,2,1,54,8,1,7,1,1984,2
"570",857,22,12,2,17,9,2,1,26,6,1,7,1,1984,2
"571",858,22,12,2,17,9,2,1,70,10,1,7,1,1984,2
"572",859,22,12,2,17,9,2,2,5,2,2,7,1,1984,2
"573",391,4,6,4,17,20,2,1,37,7,1,3,1,1991,1
"574",884,31,12,4,17,5,2,1,23,5,1,1,11,1994,3
"575",658,26,8,3,17,1,1,1,45,8,1,4,2,2000,1
"576",867,27,12,7,17,2,2,1,24,5,1,4,1,2006,1
"577",509,28,7,2,17,3,2,1,38,7,1,4,3,2006,1
"578",27,13,1,2,17,18,2,1,23,5,1,4,3,2007,1
"579",184,9,3,1,17,5,2,1,24,5,1,4,1,9999,4
"580",318,26,4,7,17,16,2,2,61,9,1,3,1,9999,1
"581",319,26,4,7,17,16,2,2,44,7,1,3,1,9999,1
"582",521,1,8,6,17,3,2,1,41,7,1,4,1,9999,1
"583",547,8,8,6,17,10,2,1,37,7,1,4,1,9999,3
"584",559,15,8,6,17,14,2,1,30,6,1,4,1,9999,1
"585",574,1,8,6,17,3,2,1,41,7,1,4,1,9999,1
"586",598,1,8,6,17,3,2,1,41,7,1,4,1,9999,1
"587",624,8,8,6,17,10,2,1,37,7,1,4,1,9999,3
"588",636,15,8,6,17,14,2,1,30,6,1,4,1,9999,1
"589",279,15,4,3,17,7,2,1,68,10,1,2,2,9999,3
"590",333,4,5,1,17,5,2,1,42,7,1,3,2,9999,1
"591",335,6,5,3,17,18,2,1,17,4,2,5,2,9999,1
"592",336,6,5,3,17,18,2,1,50,8,1,5,2,9999,1
"593",545,8,8,6,17,1,2,1,26,6,1,6,2,9999,2
"594",622,8,8,6,17,1,2,1,26,6,1,6,2,9999,2
"595",799,25,11,3,17,7,2,1,12,3,2,3,2,9999,1
"596",811,4,12,5,17,9,2,2,18,4,1,3,2,9999,1
"597",812,4,12,5,17,9,2,2,50,8,1,3,2,9999,1
"598",302,21,4,2,17,1,2,1,27,6,1,4,3,9999,1
"599",306,24,4,5,17,5,2,2,39,7,1,1,4,9999,1
"600",307,24,4,5,17,5,2,2,11,3,2,1,4,9999,1
"601",571,20,8,4,17,11,2,1,25,6,1,1,4,9999,1
"602",648,20,8,4,17,11,2,1,25,6,1,1,4,9999,1
"603",39,17,1,6,17,5,2,1,29,6,1,4,5,9999,2
"604",186,9,3,1,17,1,1,1,21,5,1,4,5,9999,2
"605",432,20,6,6,17,10,2,1,34,6,1,4,5,9999,1
"606",768,30,10,5,17,1,1,1,23,5,1,4,5,9999,1
"607",327,2,5,6,17,5,2,1,59,9,1,1,6,9999,1
"608",328,2,5,6,17,5,2,2,14,3,2,1,6,9999,1
"609",359,18,5,1,17,11,2,1,35,7,1,2,6,9999,2
"610",505,26,7,7,17,6,2,1,32,6,1,2,6,9999,1
"611",506,26,7,7,17,6,2,1,46,8,1,2,6,9999,1
"612",200,15,3,7,17,1,1,1,28,6,1,1,9,9999,2
"613",201,15,3,7,17,1,1,2,39,7,1,1,9,9999,2
"614",549,10,8,1,17,19,2,1,31,6,1,3,9,9999,1
"615",626,10,8,1,17,19,2,1,31,6,1,3,9,9999,1
"616",797,24,11,2,17,15,2,1,38,7,1,3,9,9999,4
"617",11,2,1,5,17,18,2,1,21,5,1,4,99,9999,1
"618",156,2,3,1,17,10,1,1,43,7,1,3,99,9999,1
"619",157,2,3,1,17,10,1,2,23,5,1,3,99,9999,1
"620",221,24,3,2,17,3,2,1,19,4,1,99,99,9999,3
"621",222,24,3,2,17,3,2,2,18,4,1,99,99,9999,3
"622",343,8,5,5,17,18,2,9,999,11,99,1,99,9999,1
"623",344,8,5,5,17,18,2,9,999,11,99,1,99,9999,1
"624",345,8,5,5,17,18,2,9,999,11,99,1,99,9999,1
"625",773,3,11,2,18,8,2,1,42,7,1,3,1,1984,3
"626",572,20,8,4,18,7,2,1,70,10,1,5,2,1999,1
"627",649,20,8,4,18,7,2,1,70,10,1,5,2,1999,1
"628",365,20,5,3,18,13,2,1,63,9,1,2,4,2004,1
"629",16,3,1,6,18,10,2,1,40,7,1,4,3,2008,1
"630",137,26,2,4,18,21,2,1,15,4,2,1,1,9999,4
"631",276,14,4,2,18,13,2,1,34,6,1,3,1,9999,3
"632",331,3,5,7,18,4,2,1,20,5,1,4,1,9999,2
"633",471,7,7,2,18,20,2,2,38,7,1,4,1,9999,1
"634",17,3,1,6,18,17,2,1,58,9,1,2,2,9999,1
"635",126,22,2,7,18,5,2,1,24,5,1,1,2,9999,3
"636",158,2,3,1,18,10,1,1,20,5,1,9,2,9999,1
"637",436,20,6,6,18,13,2,2,45,8,1,3,2,9999,1
"638",786,16,11,1,18,12,2,2,28,6,1,1,2,9999,2
"639",89,9,2,1,18,11,2,1,33,6,1,4,3,9999,2
"640",450,27,6,6,18,1,1,1,35,7,1,4,3,9999,2
"641",696,18,9,5,18,18,2,1,39,7,1,1,3,9999,1
"642",739,13,10,2,18,20,2,1,21,5,1,5,3,9999,1
"643",784,11,11,3,18,3,2,1,28,6,1,4,3,9999,1
"644",788,18,11,3,18,19,2,1,50,8,1,4,3,9999,1
"645",487,16,7,4,18,18,2,1,37,7,1,1,4,9999,1
"646",681,7,9,1,18,10,2,1,33,6,1,3,4,9999,1
"647",10,1,1,4,18,3,2,1,26,6,1,1,5,9999,1
"648",415,13,6,6,18,11,1,1,36,7,1,4,5,9999,1
"649",483,11,7,6,18,12,2,2,20,5,1,4,5,9999,1
"650",865,25,12,5,18,1,1,1,22,5,1,4,5,9999,2
"651",224,26,3,4,18,22,2,1,56,9,1,3,9,9999,3
"652",144,28,2,6,18,1,2,1,38,7,1,4,99,9999,1
"653",375,27,5,3,18,14,2,1,8,2,2,3,99,9999,3
"654",474,10,7,5,18,17,2,1,59,9,1,6,99,9999,4
"655",537,3,8,1,18,16,2,1,33,6,1,3,99,9999,1
"656",590,3,8,1,18,16,2,1,33,6,1,3,99,9999,1
"657",614,3,8,1,18,16,2,1,33,6,1,3,99,9999,1
"658",770,1,11,7,18,19,2,1,20,5,1,99,99,9999,1
"659",819,6,12,7,18,4,2,1,35,7,1,99,99,9999,3
"660",831,12,12,6,18,1,1,1,26,6,1,4,99,9999,2
"661",810,4,12,5,19,6,2,1,33,6,1,1,4,1988,3
"662",305,24,4,5,19,5,2,2,42,7,1,3,4,1991,3
"663",42,18,1,7,19,22,2,1,28,6,1,3,3,1993,1
"664",414,13,6,6,19,1,1,1,40,7,1,12,1,1994,1
"665",659,27,8,4,19,19,2,1,54,8,1,3,4,2004,1
"666",317,26,4,7,19,20,2,1,23,5,1,9,6,2004,1
"667",154,1,3,7,19,4,2,1,33,6,1,8,3,2006,1
"668",374,26,5,2,19,9,2,1,26,6,1,4,1,2007,1
"669",51,25,1,7,19,21,2,1,28,6,1,9,99,2007,3
"670",451,27,6,6,19,16,2,1,24,5,1,4,99,2007,1
"671",459,1,7,3,19,1,1,1,24,5,1,4,3,2008,2
"672",314,26,4,7,19,20,2,1,20,5,1,4,5,2008,1
"673",12,2,1,5,19,17,2,1,42,7,1,4,1,9999,1
"674",159,2,3,1,19,9,1,1,22,5,1,3,1,9999,2
"675",251,8,4,3,19,5,2,1,25,6,1,4,1,9999,1
"676",325,2,5,6,19,19,2,1,35,7,1,3,1,9999,1
"677",690,15,9,2,19,11,2,1,28,6,1,4,1,9999,1
"678",693,16,9,3,19,11,2,1,26,6,1,3,1,9999,2
"679",716,28,9,1,19,4,2,1,45,8,1,3,1,9999,1
"680",729,7,10,3,19,9,2,1,17,4,2,7,1,9999,1
"681",119,21,2,6,19,12,2,1,50,8,1,5,2,9999,4
"682",322,29,4,3,19,2,2,1,37,7,1,1,2,9999,1
"683",107,15,2,7,19,13,2,1,47,8,1,4,3,9999,1
"684",383,31,5,7,19,5,2,2,20,5,1,3,3,9999,3
"685",519,31,7,5,19,18,2,1,40,7,1,4,3,9999,2
"686",700,21,9,1,19,15,2,1,55,9,1,3,3,9999,1
"687",701,21,9,1,19,15,2,1,35,7,1,5,3,9999,1
"688",837,15,12,2,19,8,2,1,25,6,1,7,3,9999,3
"689",838,15,12,2,19,8,2,1,70,10,1,7,3,9999,3
"690",875,28,12,1,19,14,2,1,36,7,1,9,3,9999,1
"691",876,28,12,1,19,14,2,1,31,6,1,9,3,9999,1
"692",877,28,12,1,19,14,2,1,36,7,1,9,3,9999,1
"693",878,28,12,1,19,14,2,1,35,7,1,9,3,9999,1
"694",879,28,12,1,19,14,2,1,28,6,1,9,3,9999,1
"695",444,24,6,4,19,5,2,1,54,8,1,3,4,9999,1
"696",466,4,7,6,19,22,2,1,39,7,1,1,4,9999,1
"697",553,12,8,3,19,17,2,1,26,6,1,3,4,9999,1
"698",630,12,8,3,19,17,2,1,26,6,1,3,4,9999,1
"699",82,7,2,6,19,5,2,1,23,5,1,4,5,9999,1
"700",467,4,7,6,19,22,2,1,65,10,1,1,5,9999,1
"701",807,3,12,4,19,22,2,1,43,7,1,3,5,9999,2
"702",264,11,4,6,19,5,2,2,25,6,1,1,6,9999,3
"703",265,11,4,6,19,5,2,2,20,5,1,1,6,9999,3
"704",266,11,4,6,19,5,2,1,30,6,1,1,6,9999,3
"705",267,11,4,6,19,5,2,1,32,6,1,1,6,9999,3
"706",294,19,4,7,19,6,2,2,20,5,1,2,6,9999,1
"707",721,1,10,4,19,16,2,1,33,6,1,5,6,9999,4
"708",722,1,10,4,19,16,2,1,35,7,1,5,6,9999,4
"709",110,16,2,1,19,6,2,1,20,5,1,4,7,9999,1
"710",111,16,2,1,19,6,2,1,14,3,2,4,7,9999,1
"711",112,16,2,1,19,6,2,1,8,2,2,4,7,9999,1
"712",885,31,12,4,19,11,2,1,37,7,1,1,7,9999,1
"713",886,31,12,4,19,11,2,1,23,5,1,1,7,9999,1
"714",134,25,2,3,19,6,2,1,24,5,1,4,99,9999,1
"715",135,25,2,3,19,6,2,1,25,6,1,4,99,9999,1
"716",136,25,2,3,19,6,2,1,27,6,1,4,99,9999,1
"717",165,4,3,3,19,5,2,1,35,7,1,6,99,9999,3
"718",233,30,3,1,19,17,2,1,17,4,2,4,99,9999,2
"719",247,6,4,1,19,17,2,1,12,3,2,4,99,9999,1
"720",296,20,4,1,19,4,2,1,25,6,1,4,99,9999,1
"721",297,20,4,1,19,4,2,1,2,1,2,4,99,9999,1
"722",298,20,4,1,19,4,2,2,8,2,2,4,99,9999,1
"723",388,2,6,2,19,18,2,1,999,11,1,3,99,9999,1
"724",730,8,10,4,19,22,2,1,33,6,1,4,99,9999,1
"725",744,17,10,6,19,5,2,1,48,8,1,4,99,9999,2
"726",746,18,10,7,19,18,2,1,27,6,1,3,99,9999,4
"727",753,21,10,3,19,10,2,1,32,6,1,3,99,9999,1
"728",460,1,7,3,20,5,2,1,49,8,1,3,6,1997,4
"729",714,28,9,1,20,9,1,1,28,6,1,4,5,1999,2
"730",522,1,8,6,20,18,2,1,47,8,1,4,3,2007,2
"731",575,1,8,6,20,18,2,1,47,8,1,4,3,2007,2
"732",599,1,8,6,20,18,2,1,47,8,1,4,3,2007,2
"733",662,28,8,5,20,5,2,1,22,5,1,4,5,2007,1
"734",138,26,2,4,20,18,2,1,19,4,1,4,1,9999,1
"735",225,27,3,5,20,4,2,1,38,7,1,1,1,9999,1
"736",386,2,6,2,20,20,2,1,19,4,1,4,1,9999,1
"737",424,17,6,3,20,11,2,1,42,7,1,4,1,9999,1
"738",482,11,7,6,20,5,2,1,22,5,1,4,1,9999,4
"739",558,15,8,6,20,11,2,1,24,5,1,4,1,9999,1
"740",561,15,8,6,20,20,2,1,16,4,2,4,1,9999,1
"741",635,15,8,6,20,11,2,1,24,5,1,4,1,9999,1
"742",638,15,8,6,20,20,2,1,16,4,2,4,1,9999,1
"743",657,26,8,3,20,1,1,2,28,6,1,4,1,9999,2
"744",726,5,10,1,20,17,2,1,15,4,2,4,1,9999,1
"745",792,22,11,7,20,20,2,1,21,5,1,4,1,9999,1
"746",793,22,11,7,20,20,2,1,14,3,2,4,1,9999,1
"747",794,22,11,7,20,20,2,1,19,4,1,4,1,9999,1
"748",248,7,4,2,20,22,2,1,37,7,1,5,2,9999,3
"749",782,8,11,7,20,12,2,1,28,6,1,4,2,9999,1
"750",198,15,3,7,20,5,2,1,18,4,1,4,3,9999,1
"751",733,9,10,5,20,1,2,1,19,4,1,4,3,9999,1
"752",783,9,11,1,20,13,2,1,40,7,1,3,3,9999,2
"753",798,25,11,3,20,1,2,1,25,6,1,4,3,9999,1
"754",263,11,4,6,20,19,2,1,43,7,1,1,4,9999,1
"755",562,16,8,7,20,18,2,1,14,3,2,3,4,9999,3
"756",639,16,8,7,20,18,2,1,14,3,2,3,4,9999,3
"757",64,30,1,5,20,2,2,2,37,7,1,3,5,9999,3
"758",204,16,3,1,20,1,1,1,26,6,1,4,5,9999,1
"759",376,28,5,4,20,1,1,1,55,9,1,4,5,9999,1
"760",402,7,6,7,20,5,2,1,26,6,1,4,5,9999,1
"761",541,5,8,3,20,5,2,1,21,5,1,4,5,9999,1
"762",594,5,8,3,20,5,2,1,21,5,1,4,5,9999,1
"763",618,5,8,3,20,5,2,1,21,5,1,4,5,9999,1
"764",22,12,1,1,20,4,2,1,25,6,1,1,6,9999,1
"765",125,22,2,7,20,12,2,1,55,9,1,3,6,9999,4
"766",52,25,1,7,20,20,2,2,31,6,1,4,11,9999,1
"767",652,22,8,6,20,2,2,2,28,6,1,1,11,9999,1
"768",695,18,9,5,20,5,2,1,43,7,1,1,11,9999,2
"769",36,16,1,5,20,19,2,1,31,6,1,4,99,9999,1
"770",85,7,2,6,20,19,1,1,27,6,1,4,99,9999,1
"771",155,2,3,1,20,6,1,1,40,7,1,4,99,9999,2
"772",346,9,5,6,20,12,2,1,21,5,1,3,99,9999,3
"773",495,19,7,7,20,17,2,1,32,6,1,4,99,9999,1
"774",529,2,8,7,20,19,2,1,36,7,1,3,99,9999,1
"775",530,2,8,7,20,19,2,2,25,6,1,1,99,9999,1
"776",582,2,8,7,20,19,2,1,36,7,1,3,99,9999,1
"777",583,2,8,7,20,19,2,2,25,6,1,1,99,9999,1
"778",606,2,8,7,20,19,2,1,36,7,1,3,99,9999,1
"779",607,2,8,7,20,19,2,2,25,6,1,1,99,9999,1
"780",785,12,11,4,21,19,2,1,50,8,1,7,6,1988,1
"781",87,8,2,7,21,22,2,1,40,7,1,3,2,1992,3
"782",192,13,3,5,21,5,2,1,38,7,1,1,99,1998,1
"783",655,24,8,1,21,6,2,2,60,9,1,2,2,2000,1
"784",188,11,3,3,21,15,2,1,24,5,1,4,1,2003,2
"785",817,6,12,7,21,19,2,2,46,8,1,4,3,2006,2
"786",102,14,2,6,21,19,2,1,29,6,1,4,1,9999,1
"787",106,15,2,7,21,16,1,2,4,1,2,4,1,9999,1
"788",400,7,6,7,21,15,2,1,20,5,1,4,1,9999,2
"789",515,30,7,4,21,11,1,1,25,6,1,4,1,9999,1
"790",802,29,11,7,21,1,2,1,27,6,1,4,1,9999,2
"791",60,30,1,5,21,10,2,1,30,6,1,4,2,9999,2
"792",123,22,2,7,21,9,1,1,33,6,1,1,2,9999,1
"793",268,11,4,6,21,5,2,1,35,7,1,3,2,9999,1
"794",403,8,6,1,21,1,1,1,25,6,1,1,2,9999,1
"795",732,9,10,5,21,22,2,2,41,7,1,2,2,9999,4
"796",738,12,10,1,21,7,1,1,26,6,1,5,2,9999,2
"797",760,25,10,7,21,1,2,1,25,6,1,1,2,9999,2
"798",767,29,10,4,21,7,2,2,62,9,1,9,3,9999,3
"799",688,12,9,6,21,8,2,2,32,6,1,2,4,9999,4
"800",846,20,12,7,21,12,2,1,18,4,1,1,4,9999,2
"801",860,23,12,3,21,22,2,1,35,7,1,1,4,9999,1
"802",40,17,1,6,21,5,2,1,24,5,1,4,5,9999,1
"803",41,17,1,6,21,5,2,1,25,6,1,4,5,9999,1
"804",45,21,1,3,21,5,2,1,31,6,1,1,5,9999,1
"805",401,7,6,7,21,18,2,1,22,5,1,2,5,9999,1
"806",491,18,7,6,21,5,2,1,25,6,1,6,5,9999,1
"807",492,18,7,6,21,5,2,1,30,6,1,6,5,9999,1
"808",727,6,10,2,21,5,2,1,18,4,1,4,5,9999,1
"809",309,25,4,6,21,1,2,1,24,5,1,4,7,9999,1
"810",20,10,1,6,21,1,1,1,29,6,1,2,99,9999,1
"811",66,31,1,6,21,11,2,2,28,6,1,4,99,9999,1
"812",303,21,4,2,21,6,2,1,29,6,1,4,99,9999,1
"813",315,26,4,7,21,12,2,1,19,4,1,4,99,9999,1
"814",316,26,4,7,21,12,2,1,18,4,1,4,99,9999,1
"815",353,16,5,6,21,1,1,1,17,4,2,4,99,9999,1
"816",416,14,6,7,21,2,2,2,6,2,2,3,99,9999,1
"817",511,29,7,3,21,1,1,1,30,6,1,4,99,9999,1
"818",546,8,8,6,21,20,2,1,31,6,1,3,99,9999,2
"819",564,16,8,7,21,4,1,1,23,5,1,4,99,9999,2
"820",623,8,8,6,21,20,2,1,31,6,1,3,99,9999,2
"821",641,16,8,7,21,4,1,1,23,5,1,4,99,9999,2
"822",666,29,8,6,21,13,2,1,20,5,1,4,99,9999,4
"823",685,11,9,5,21,2,2,1,42,7,1,1,99,9999,1
"824",758,24,10,6,21,5,2,1,18,4,1,4,99,9999,1
"825",759,24,10,6,21,5,2,1,23,5,1,4,99,9999,1
"826",775,5,11,4,21,5,2,1,43,7,1,4,99,9999,1
"827",795,23,11,1,22,22,2,1,54,8,1,6,11,1993,4
"828",796,23,11,1,22,22,2,1,50,8,1,6,11,1993,4
"829",473,10,7,5,22,9,2,1,14,3,2,3,5,1994,2
"830",377,28,5,4,22,10,2,1,28,6,1,1,9,2000,1
"831",743,16,10,5,22,18,2,1,34,6,1,4,1,2007,1
"832",661,27,8,4,22,18,2,1,31,6,1,11,2,2007,1
"833",520,1,8,6,22,4,2,2,25,6,1,4,4,2007,1
"834",573,1,8,6,22,4,2,2,25,6,1,4,4,2007,1
"835",597,1,8,6,22,4,2,2,25,6,1,4,4,2007,1
"836",712,26,9,6,22,6,2,1,62,9,1,8,1,9999,4
"837",742,15,10,4,22,18,2,1,34,6,1,4,1,9999,1
"838",789,20,11,5,22,6,2,1,25,6,1,3,1,9999,3
"839",387,2,6,2,22,5,2,1,57,9,1,6,2,9999,1
"840",708,25,9,5,22,1,1,1,30,6,1,4,3,9999,1
"841",720,1,10,4,22,22,2,2,23,5,1,2,3,9999,1
"842",437,20,6,6,22,4,2,1,24,5,1,1,4,9999,1
"843",218,23,3,1,22,9,1,1,20,5,1,4,5,9999,2
"844",341,7,5,4,22,5,2,1,32,6,1,1,5,9999,2
"845",486,15,7,3,22,1,1,1,33,6,1,4,5,9999,1
"846",850,21,12,1,22,10,2,1,35,7,1,4,6,9999,4
"847",367,24,5,6,22,1,1,1,999,11,2,3,7,9999,3
"848",37,16,1,5,22,18,2,1,39,7,1,3,99,9999,1
"849",49,24,1,6,22,5,2,1,23,5,1,99,99,9999,3
"850",92,12,2,4,22,5,2,1,42,7,1,9,99,9999,1
"851",93,12,2,4,22,5,2,1,45,8,1,9,99,9999,1
"852",94,12,2,4,22,5,2,1,28,6,1,9,99,9999,1
"853",95,12,2,4,22,5,2,1,50,8,1,9,99,9999,1
"854",397,6,6,6,22,5,2,2,36,7,1,4,99,9999,4
"855",489,17,7,5,22,2,2,1,22,5,1,4,99,9999,4
"856",702,23,9,3,22,19,1,1,23,5,1,4,99,9999,1
"857",3,1,1,4,23,1,2,1,40,7,1,1,9,1986,1
"858",4,1,1,4,23,1,2,2,35,7,1,1,9,1986,1
"859",380,29,5,5,23,13,2,1,37,7,1,3,3,1996,3
"860",18,8,1,4,23,6,2,1,29,6,1,4,3,2007,1
"861",284,18,4,6,23,1,1,1,999,11,1,9,3,2007,2
"862",271,12,4,7,23,5,2,1,26,6,1,4,1,2008,1
"863",234,30,3,1,23,9,2,1,60,9,1,4,1,9999,2
"864",252,9,4,4,23,9,2,1,45,8,1,4,1,9999,4
"865",256,10,4,5,23,1,1,1,40,7,1,4,1,9999,1
"866",292,19,4,7,23,5,2,1,28,6,1,13,1,9999,3
"867",293,19,4,7,23,5,2,1,54,8,1,13,1,9999,3
"868",347,11,5,1,23,12,2,1,32,6,1,99,1,9999,2
"869",358,17,5,7,23,7,2,1,27,6,1,14,1,9999,2
"870",808,4,12,5,23,1,2,1,19,4,1,4,1,9999,1
"871",813,4,12,5,23,18,2,1,28,6,1,4,1,9999,1
"872",676,3,9,4,23,8,2,1,35,7,1,3,2,9999,2
"873",677,4,9,5,23,8,2,1,29,6,1,1,2,9999,3
"874",654,23,8,7,23,17,2,1,37,7,1,4,3,9999,1
"875",854,21,12,1,23,6,2,1,19,4,1,4,3,9999,1
"876",86,7,2,6,23,1,1,2,27,6,1,1,4,9999,1
"877",765,28,10,3,23,17,2,1,35,7,1,2,4,9999,1
"878",766,28,10,3,23,17,2,1,40,7,1,2,4,9999,1
"879",283,18,4,6,23,1,1,1,23,5,1,4,5,9999,2
"880",833,13,12,7,23,9,2,1,25,6,1,4,5,9999,1
"881",259,10,4,5,23,6,2,1,21,5,1,2,10,9999,3
"882",452,27,6,6,23,17,2,1,49,8,1,4,99,9999,1
"883",538,3,8,1,23,18,2,1,29,6,1,4,99,9999,1
"884",591,3,8,1,23,18,2,1,29,6,1,4,99,9999,1
"885",615,3,8,1,23,18,2,1,29,6,1,4,99,9999,1
"886",747,18,10,7,23,1,1,1,38,7,1,4,99,9999,1
